"tablescraper-selected-row","tablescraper-selected-row 2","tablescraper-selected-row 3","tablescraper-selected-row 4","tablescraper-selected-row 5","tablescraper-selected-row 6"
"Besard","Šabović","Austin FC","Central Midfield","$650,000.00","$650,000.00"
"Paxten","Aaronson","Colorado Rapids","Attacking Midfield","$2,000,000.00","$2,228,063.00"
"Liel","Abada","Charlotte FC","Right Wing","$2,500,000.00","$2,648,500.00"
"Ezequiel","Abadia-Reda","Inter Miami","Left-back","$88,025.00","$88,025.00"
"Wessam","Abou Ali","Columbus Crew","Center Forward","$2,775,000.00","$3,611,750.00"
"Lalas","Abubakar","FC Dallas","Center-back","$460,000.00","$495,000.00"
"Kamran","Acito","New York City FC","Center-back","$88,025.00","$88,025.00"
"Bryan","Acosta","Nashville SC","Central Midfield","$185,000.00","$200,500.00"
"Chase","Adams","Columbus Crew","Center Forward","$88,025.00","$114,303.00"
"Jordan","Adebayo-Smith","Minnesota United","Center Forward","$113,400.00","$130,620.00"
"Sam","Adekugbe","Vancouver Whitecaps","Left-back","$1,300,000.00","$1,388,000.00"
"Nonso","Adimabua","San Jose Earthquakes","Center Forward","$113,400.00","$117,285.00"
"Stephen","Afrifa","Sporting Kansas City","Left Wing","$113,400.00","$113,400.00"
"Kwaku","Agyabeng","Sporting Kansas City","Central Midfield","$88,025.00","$88,858.00"
"Morrison","Agyemang","Charlotte FC","Center-back","$240,000.00","$262,080.00"
"Nariman","Akhundzada","Columbus Crew","Center Forward","$550,000.00","$633,389.00"
"Ibrahim","Aliyu","Houston Dynamo","Center Forward","$525,000.00","$576,379.00"
"Ezekiel","Alladoh","Philadelphia Union","Center Forward","$450,000.00","$540,000.00"
"Noah","Allen","Inter Miami","Left-back","$375,000.00","$434,653.00"
"Tadeo","Allende","Inter Miami","Right Wing","$625,000.00","$1,000,000.00"
"Miguel","Almirón","Atlanta United","Right Wing","$6,056,000.00","$7,871,000.00"
"Rodolfo","Aloko","Charlotte FC","Right Wing","$220,000.00","$251,667.00"
"Alejandro","Alvarado","San Diego FC","Central Midfield","$88,025.00","$95,547.00"
"Antony","Alves Santos","Portland Timbers","Left Wing","$560,000.00","$666,042.00"
"Steven","Alzate","Atlanta United","Central Midfield","$1,062,186.00","$1,377,087.00"
"Pedro","Amador","Atlanta United","Left-back","$256,992.00","$292,604.00"
"Richie","Aman","DC United","Midfielder","$88,025.00","$89,025.00"
"Malte","Amundsen","Columbus Crew","Center-back","$675,000.00","$747,500.00"
"Max","Anchor","Seattle Sounders FC","Goalkeeper","$113,400.00","$120,842.00"
"Markus","Anderson","Philadelphia Union","Center Forward","$140,000.00","$142,000.00"
"Owen","Anderson","Real Salt Lake","Attacking Midfield","$88,025.00","$93,915.00"
"Agustín","Anello","Philadelphia Union","Left Wing","$500,000.00","$539,630.00"
"Iván","Angulo","Orlando City SC","Left Wing","$549,996.00","$582,656.00"
"Conner","Antley","DC United","Right-back","$120,000.00","$121,667.00"
"Tah","Anunga","FC Cincinnati","Central Midfield","$250,000.00","$262,500.00"
"Christopher","Applewhite","Nashville SC","Center-back","$88,025.00","$97,470.00"
"Matthew","Arana","Houston Dynamo","Central Midfield","$88,025.00","$101,986.00"
"Cristian","Arango","San Jose Earthquakes","Center Forward","$800,000.00","$800,000.00"
"Alexander","Aravena","Portland Timbers","Left Wing","$857,143.00","$1,026,310.00"
"Max","Arfsten","Columbus Crew","Left Wing","$800,000.00","$895,000.00"
"Juan Jose","Arias","Real Salt Lake","Center-back","$500,000.00","$565,139.00"
"Emilio","Aristizábal","Toronto FC","Center Forward","$324,996.00","$344,788.00"
"Paul","Arriola","Seattle Sounders FC","Right Wing","$1,000,000.00","$1,142,500.00"
"Jacob","Arroyave","New York City FC","Central Midfield","$113,400.00","$126,398.00"
"Exon","Arzú","Houston Dynamo","Right Wing","$113,400.00","$117,998.00"
"Josh","Atencio","Colorado Rapids","Defensive Midfield","$462,500.00","$462,500.00"
"Eduard","Atuesta","Orlando City SC","Central Midfield","$687,500.00","$825,250.00"
"Julián","Aude","LA Galaxy","Left-back","$375,000.00","$385,000.00"
"Álvaro","Augusto","FC Dallas","Center-back","$113,400.00","$125,518.00"
"Tomás","Avilés","CF Montreal","Center-back","$495,000.00","$522,500.00"
"Oscar","Avilez","DC United","Left Wing","$88,025.00","$108,966.00"
"David","Ayala","Inter Miami","Defensive Midfield","$650,000.00","$771,000.00"
"Elías","Báez","Atlanta United","Left-back","$264,706.00","$293,706.00"
"Roman","Bürki","St. Louis City SC","Goalkeeper","$2,500,000.00","$2,750,000.00"
"Talles Magno","Bacelar Martins","New York City FC","Left Wing","$1,250,000.00","$1,365,000.00"
"Dominique","Badji","MLS Pool","Center Forward","$400,000.00","$435,000.00"
"Jeevan","Badwal","Vancouver Whitecaps","Central Midfield","$113,400.00","$113,400.00"
"Drew","Baiera","New York City FC","Right-back","$113,400.00","$119,336.00"
"Cody","Baker","Seattle Sounders FC","Right-back","$113,400.00","$119,104.00"
"Reed","Baker-Whiting","Nashville SC","Left-back","$275,000.00","$283,000.00"
"Jonathan","Bamba","Chicago Fire","Left Wing","$5,000,000.00","$5,581,806.00"
"Sekou","Bangoura","Columbus Crew","Central Midfield","$450,000.00","$542,167.00"
"Daniel","Baran","FC Dallas","Right Wing","$88,025.00","$102,241.00"
"Jesús","Barea","Real Salt Lake","Center Forward","$88,025.00","$89,761.00"
"Tai","Baribo","DC United","Center Forward","$2,100,000.00","$2,349,000.00"
"Tom","Barlow","FC Cincinnati","Center Forward","$113,400.00","$121,733.00"
"Luis","Barraza","Inter Miami","Goalkeeper","$113,400.00","$120,900.00"
"Leonardo","Barroso","Chicago Fire","Right-back","$350,000.00","$395,500.00"
"Lucas","Bartlett","DC United","Center-back","$525,000.00","$585,625.00"
"Jacob","Bartlett","Sporting Kansas City","Defensive Midfield","$88,025.00","$91,025.00"
"Ethan","Bartlow","Sporting Kansas City","Center-back","$113,400.00","$142,637.00"
"Cole","Bassett","Portland Timbers","Attacking Midfield","$850,000.00","$850,000.00"
"Zorhan","Bassong","Sporting Kansas City","Central Midfield","$450,000.00","$540,833.00"
"Josh","Bauer","Nashville SC","Center-back","$230,000.00","$253,667.00"
"Timo","Baumgartl","St. Louis City SC","Center-back","$600,000.00","$693,333.00"
"Julián","Bazán","New York Red Bulls","Center-back","$274,992.00","$312,825.00"
"Tanner","Beason","New England Revolution","Center-back","$350,000.00","$350,000.00"
"Adam","Beaudry","Colorado Rapids","Goalkeeper","$113,400.00","$115,900.00"
"Simon","Becher","St. Louis City SC","Center Forward","$400,000.00","$444,375.00"
"Alejandro","Bedoya","Philadelphia Union","Central Midfield","$113,400.00","$226,800.00"
"Jon","Bell","Austin FC","Center-back","$225,000.00","$225,000.00"
"Ben","Bender","Philadelphia Union","Central Midfield","$140,000.00","$149,667.00"
"Nehuen","Benedetti","New York Red Bulls","Central Midfield","$160,000.00","$194,800.00"
"Nimfasha","Berchimas","Charlotte FC","Left Wing","$150,000.00","$164,934.00"
"Lasse","Berg Johnsen","Sporting Kansas City","Central Midfield","$1,100,000.00","$1,191,250.00"
"Gustav","Berggren","New York Red Bulls","Defensive Midfield","$1,200,000.00","$1,310,000.00"
"Sebastian","Berhalter","Vancouver Whitecaps","Central Midfield","$480,000.00","$480,000.00"
"Juan","Berrocal","Atlanta United","Center-back","$1,424,666.64","$1,424,666.64"
"Germán","Berterame","Inter Miami","Center Forward","$2,800,000.00","$3,824,200.00"
"Pep","Biel","Charlotte FC","Attacking Midfield","$2,775,000.00","$3,015,563.00"
"Ran","Binyamin","FC Dallas","Central Midfield","$275,000.00","$302,083.00"
"Tristan","Blackmon","Vancouver Whitecaps","Center-back","$975,000.00","$975,000.00"
"Andre","Blake","Philadelphia Union","Goalkeeper","$1,000,000.00","$1,181,250.00"
"Emmanuel","Boateng","San Diego FC","Left Midfield","$185,004.00","$185,004.00"
"Israel","Boatwright","Inter Miami","Right-back","$113,400.00","$115,400.00"
"Isaac","Boehmer","Vancouver Whitecaps","Goalkeeper","$165,000.00","$173,750.00"
"Wiktor","Bogacz","New York Red Bulls","Center Forward","$420,000.00","$546,240.00"
"Mateusz","Bogusz","Houston Dynamo","Attacking Midfield","$2,349,996.00","$2,521,048.00"
"Dean","Boltz","Chicago Fire","Center Forward","$88,025.00","$90,025.00"
"Luca","Bombino","San Diego FC","Left-back","$150,000.00","$177,200.00"
"Jonathan","Bond","Houston Dynamo","Goalkeeper","$750,000.00","$809,704.00"
"Alex","Bonetig","Portland Timbers","Center-back","$240,000.00","$261,000.00"
"Alex","Bono","DC United","Goalkeeper","$250,000.00","$262,500.00"
"Zach","Booth","Real Salt Lake","Left Wing","$200,000.00","$217,500.00"
"Diego Henrique","Borges da Silva","Sporting Kansas City","Center-back","$300,000.00","$330,000.00"
"Dylan","Borso","Chicago Fire","Right Wing","$113,400.00","$121,400.00"
"Denis","Bouanga","LAFC","Left Wing","$4,000,000.00","$4,939,217.00"
"Ousseni","Bouda","San Jose Earthquakes","Center Forward","$350,000.00","$350,000.00"
"Amin","Boudri","LAFC","Attacking Midfield","$650,000.00","$742,000.00"
"Agustín","Bouzat","Houston Dynamo","Defensive Midfield","$624,996.00","$705,746.00"
"Giuseppe","Bovalina","Vancouver Whitecaps","Right-back","$125,000.00","$137,980.00"
"Michael","Boxall","Minnesota United","Center-back","$800,000.00","$927,500.00"
"Tyler","Boyd","LAFC","Left Wing","$1,430,000.00","$1,435,000.00"
"Chris","Brady","Chicago Fire","Goalkeeper","$250,000.00","$348,333.00"
"David","Brekalo","Orlando City SC","Center-back","$600,000.00","$683,000.00"
"Luke","Brennan","Atlanta United","Right Midfield","$125,000.00","$125,000.00"
"Sébastian","Breza","CF Montreal","Goalkeeper","$113,400.00","$123,400.00"
"Yannick","Bright","Inter Miami","Defensive Midfield","$385,000.00","$464,192.00"
"Brandt","Bronico","Charlotte FC","Central Midfield","$500,000.00","$551,667.00"
"Tristan","Brown","Columbus Crew","Left-back","$88,025.00","$92,389.00"
"Snyder","Brunell","Seattle Sounders FC","Defensive Midfield","$88,025.00","$98,051.00"
"Charles-Emile","Brunet","Nashville SC","Defensive Midfield","$88,025.00","$88,025.00"
"Pavel","Bucha","FC Cincinnati","Central Midfield","$499,992.00","$548,774.00"
"Noel","Buck","San Jose Earthquakes","Central Midfield","$150,000.00","$150,000.00"
"Jesús","Bueno","Philadelphia Union","Defensive Midfield","$325,000.00","$359,125.00"
"Dawid","Bugaj","CF Montreal","Right-back","$240,000.00","$267,600.00"
"Micah","Burton","Austin FC","Attacking Midfield","$125,000.00","$136,000.00"
"Evan","Bush","Columbus Crew","Goalkeeper","$113,400.00","$113,400.00"
"Brandon","Bye","Portland Timbers","Right-back","$400,000.00","$442,500.00"
"Nathan","Byrne","Charlotte FC","Right-back","$475,000.00","$498,750.00"
"Sergio","Córdova","St. Louis City SC","Center Forward","$1,200,000.00","$1,213,500.00"
"Rafael","Cabral Barbosa","Real Salt Lake","Goalkeeper","$470,000.00","$703,750.00"
"Kenji","Cabrera","Vancouver Whitecaps","Left Wing","$400,000.00","$440,053.00"
"Bruno","Caicedo","Vancouver Whitecaps","Left Wing","$390,000.00","$430,150.00"
"José","Caicedo","Portland Timbers","Defensive Midfield","$1,000,000.00","$1,075,009.00"
"Marcus","Caldeira","Minnesota United","Center Forward","$88,025.00","$88,025.00"
"Taylor","Calheira","Sporting Kansas City","Center Forward","$88,025.00","$100,824.00"
"Noel","Caliskan","Real Salt Lake","Central Midfield","$113,400.00","$113,400.00"
"Drake","Callender","Minnesota United","Goalkeeper","$450,000.00","$505,917.00"
"Rudy","Camacho","Columbus Crew","Center-back","$350,000.00","$415,000.00"
"Leonardo","Campana","New England Revolution","Center Forward","$1,494,992.00","$1,617,325.00"
"Reggie","Cannon","Colorado Rapids","Right-back","$750,000.00","$841,500.00"
"Osvaldo","Capemba","Sporting Kansas City","Left Wing","$600,000.00","$658,720.00"
"Christian","Cappis","FC Dallas","Central Midfield","$352,000.00","$352,000.00"
"Gustavo","Caraballo","Orlando City SC","Right Wing","$88,025.00","$94,400.00"
"Wikelman","Carmona","CF Montreal","Attacking Midfield","$550,000.00","$555,000.00"
"Máximo","Carrizo","New York City FC","Central Midfield","$150,000.00","$183,523.00"
"Wilder","Cartagena","Orlando City SC","Defensive Midfield","$480,000.00","$530,250.00"
"Cabral","Carter","LAFC","Goalkeeper","$88,025.00","$91,775.00"
"Nico","Cavallo","New York City FC","Left-back","$113,400.00","$115,248.00"
"Brayan","Ceballos","New England Revolution","Center-back","$775,000.00","$855,625.00"
"Roman","Celentano","FC Cincinnati","Goalkeeper","$525,000.00","$574,000.00"
"Edwin","Cerrillo","LA Galaxy","Defensive Midfield","$650,000.00","$662,500.00"
"Ademar","Chávez","FC Cincinnati","Attacking Midfield","$88,025.00","$113,840.00"
"Dylan","Chambost","Columbus Crew","Central Midfield","$600,000.00","$695,250.00"
"Tomás","Chancalay","Minnesota United","Left Wing","$1,150,000.00","$1,274,375.00"
"Kieran","Chandler","Minnesota United","Left-back","$88,025.00","$88,025.00"
"Diego","Chará","Portland Timbers","Central Midfield","$388,044.00","$388,044.00"
"Justin","Che","New York Red Bulls","Right-back","$440,000.00","$501,667.00"
"Yevgen","Cheberko","Columbus Crew","Center-back","$610,000.00","$658,250.00"
"Andrei","Chirilă","FC Cincinnati","Center-back","$88,025.00","$98,373.00"
"Ștefan","Chirilă","FC Cincinnati","Center Forward","$113,400.00","$128,180.00"
"Mathieu","Choinière","LAFC","Central Midfield","$725,000.00","$725,000.00"
"Dominik","Chong Qui","Atlanta United","Left-back","$88,025.00","$88,025.00"
"Eric-Maxim","Choupo-Moting","New York Red Bulls","Center Forward","$3,200,000.00","$3,530,667.00"
"José","Cifuentes","Toronto FC","Central Midfield","$1,374,999.96","$1,570,000.00"
"Markus","Cimermancic","Toronto FC","Central Midfield","$88,025.00","$101,881.00"
"Caden","Clark","DC United","Attacking Midfield","$400,000.00","$432,000.00"
"Will","Cleary","Charlotte FC","Right-back","$88,025.00","$89,309.00"
"Stefan","Cleveland","Sporting Kansas City","Goalkeeper","$215,000.00","$237,000.00"
"Noah","Cobb","Colorado Rapids","Center-back","$130,000.04","$130,000.04"
"Alonso","Coello","Toronto FC","Central Midfield","$300,000.00","$335,000.00"
"Josh","Cohen","Chicago Fire","Goalkeeper","$165,000.00","$181,250.00"
"Michael","Collodi","FC Dallas","Goalkeeper","$113,400.00","$125,825.00"
"Jaidyn","Contreras","FC Dallas","Left Wing","$88,025.00","$88,025.00"
"Theo","Corbeanu","Toronto FC","Right Wing","$450,000.00","$496,625.00"
"Matthew","Corcoran","Nashville SC","Defensive Midfield","$113,400.00","$135,668.00"
"Gabriel","Cordeiro Pirani","DC United","Attacking Midfield","$800,000.00","$866,700.00"
"Vítor","Costa","San Jose Earthquakes","Left-back","$425,000.00","$463,333.00"
"Luis Otávio","Costa de Aquino","Orlando City SC","Defensive Midfield","$500,000.00","$569,000.00"
"Baye","Coulibaly","Charlotte FC","Central Midfield","$300,000.00","$329,500.00"
"Cade","Cowell","New York Red Bulls","Left Wing","$900,000.00","$1,182,500.00"
"Chance","Cowell","Real Salt Lake","Left Wing","$88,025.00","$91,740.00"
"Maxime","Crépeau","Orlando City SC","Goalkeeper","$600,000.00","$600,000.00"
"Brandan","Craig","CF Montreal","Center-back","$88,025.00","$97,830.00"
"Benja","Cremaschi","Inter Miami","Central Midfield","$425,000.00","$527,500.00"
"Nate","Crockford","San Jose Earthquakes","Goalkeeper","$88,025.00","$88,025.00"
"Andrés","Cubas","Vancouver Whitecaps","Defensive Midfield","$1,000,000.00","$1,153,333.00"
"Mauricio","Cuevas","LA Galaxy","Right-back","$250,000.00","$268,500.00"
"Antônio Carlos","Cunha Capocasali Junior","Houston Dynamo","Center-back","$750,000.00","$832,676.00"
"Christopher","Cupps","Chicago Fire","Center-back","$113,400.00","$116,186.00"
"Hugo","Cuypers","Chicago Fire","Center Forward","$3,238,000.00","$3,528,044.00"
"Djé","D'Avilla","Chicago Fire","Defensive Midfield","$573,000.00","$685,486.00"
"David","Da Costa","Portland Timbers","Attacking Midfield","$2,725,000.00","$3,425,000.00"
"Evander","da Silva Ferreira","FC Cincinnati","Attacking Midfield","$3,200,000.00","$4,736,411.00"
"Kaick","da Silva Ferreira","FC Dallas","Defensive Midfield","$200,000.00","$251,900.00"
"Iago Teodoro","da Silva Nogueira","Orlando City SC","Center-back","$500,000.00","$551,875.00"
"Guilherme","da Trindade Dubas","Austin FC","Left-back","$325,000.00","$325,000.00"
"Christian","Díaz","LAFC","Center-back","$88,025.00","$88,025.00"
"Jefferson","Díaz","Minnesota United","Center-back","$435,000.00","$435,000.00"
"Riley","Dalgado","LA Galaxy","Left-back","$88,025.00","$88,025.00"
"Bruno","Damiani","Philadelphia Union","Center Forward","$720,000.00","$847,600.00"
"Jake","Davis","Sporting Kansas City","Right-back","$425,000.00","$437,500.00"
"Eddy","Davis III","Philadelphia Union","Center Forward","$113,400.00","$115,400.00"
"Felipe","de Andrade Vieira","Houston Dynamo","Center-back","$225,000.00","$252,500.00"
"Geovane","de Jesus Rocha","FC Dallas","Right-back","$400,000.00","$447,000.00"
"Luca","de la Torre","Charlotte FC","Central Midfield","$1,457,386.00","$1,611,827.00"
"Pedro","de la Vega","Seattle Sounders FC","Right Wing","$1,000,000.00","$1,379,000.00"
"José Artur","de Lima Júnior","Houston Dynamo","Defensive Midfield","$875,004.00","$958,379.00"
"Rodrigo","De Paul","Inter Miami","Central Midfield","$7,569,000.00","$9,688,320.00"
"Adisa","De Rosario","Toronto FC","Goalkeeper","$88,025.00","$104,638.00"
"Osaze","De Rosario","Seattle Sounders FC","Center Forward","$250,000.00","$315,000.00"
"Daniel","de Sousa Britto","San Jose Earthquakes","Goalkeeper","$750,000.00","$792,500.00"
"Jonathan","Dean","Chicago Fire","Right-back","$175,000.00","$210,700.00"
"Louicius","Deedson","FC Dallas","Right Wing","$400,000.00","$450,319.00"
"Mark","Delgado","LAFC","Central Midfield","$1,055,000.00","$1,055,000.00"
"Patrickson","Delgado","FC Dallas","Defensive Midfield","$260,000.00","$286,280.00"
"Lorenzo","Dellavalle","LAFC","Center-back","$113,400.00","$117,150.00"
"Kévin","Denkey","FC Cincinnati","Center Forward","$3,800,000.00","$3,810,000.00"
"Mikkel","Desler","Austin FC","Right-back","$550,000.00","$550,000.00"
"Djibril","Diani","Charlotte FC","Defensive Midfield","$350,000.00","$387,944.00"
"Mamadou","Dieng","Minnesota United","Center Forward","$88,025.00","$91,172.00"
"Griffin","Dillon","Real Salt Lake","Central Midfield","$88,025.00","$92,668.00"
"Mamadou Billo","Diop","Colorado Rapids","Center Forward","$88,025.00","$88,025.00"
"Puso","Dithejane","Chicago Fire","Right Wing","$250,000.00","$283,252.00"
"Mateja","Djordjević","Austin FC","Center-back","$325,000.00","$335,000.00"
"Nikola","Djordjevic","Vancouver Whitecaps","Right-back","$88,025.00","$88,025.00"
"Ronald","Donkor","New York Red Bulls","Central Midfield","$150,000.00","$175,400.00"
"Griffin","Dorsey","Orlando City SC","Right-back","$700,000.00","$767,891.00"
"Matthew","Dos Santos","New York Red Bulls","Left-back","$88,025.00","$104,756.00"
"CJ","dos Santos","San Diego FC","Goalkeeper","$350,000.00","$390,875.00"
"Micael","dos Santos Silva","Inter Miami","Center-back","$750,000.00","$892,440.00"
"Hassani","Dotson","Seattle Sounders FC","Central Midfield","$828,125.00","$828,125.00"
"Anders","Dreyer","San Diego FC","Right Wing","$2,979,168.00","$3,561,251.00"
"Manu","Duah","San Diego FC","Center-back","$88,025.00","$92,025.00"
"Nicolás","Dubersarsky","Austin FC","Central Midfield","$325,000.00","$347,986.00"
"Morris","Duggan","Minnesota United","Center-back","$113,400.00","$113,400.00"
"Bryce","Duke","San Diego FC","Attacking Midfield","$300,000.00","$336,500.00"
"Kyle","Duncan","Minnesota United","Right-back","$400,000.00","$437,889.00"
"Chris","Durkin","St. Louis City SC","Defensive Midfield","$600,000.00","$668,500.00"
"Jeremy","Ebobisse","LAFC","Center Forward","$722,500.00","$722,500.00"
"Ender","Echenique","FC Cincinnati","Right Wing","$356,400.00","$446,580.00"
"Daniel","Edelman","St. Louis City SC","Defensive Midfield","$600,000.00","$676,350.00"
"Raheem","Edwards","Toronto FC","Left-back","$375,000.00","$414,340.00"
"Matthew","Edwards","Atlanta United","Center-back","$113,400.00","$113,400.00"
"Earl","Edwards Jr.","San Jose Earthquakes","Goalkeeper","$210,000.00","$220,250.00"
"Wilson","Eisner","San Diego FC","Right-back","$88,025.00","$95,290.00"
"Quinton","Elliot","Columbus Crew","Right Midfield","$88,025.00","$92,668.00"
"Jack","Elliott","Chicago Fire","Center-back","$960,511.00","$1,054,275.00"
"Justin","Ellis","Orlando City SC","Center Forward","$88,025.00","$112,424.00"
"Rayan","Elloumi","Vancouver Whitecaps","Center Forward","$88,025.00","$103,671.00"
"Emeka","Eneli","Real Salt Lake","Defensive Midfield","$400,000.00","$441,000.00"
"Lukas","Engel","Real Salt Lake","Left-back","$750,000.00","$832,135.00"
"Lawrence","Ennali","Houston Dynamo","Left Wing","$500,000.00","$574,250.00"
"Logan","Erb","Houston Dynamo","Goalkeeper","$88,025.00","$93,373.00"
"Olger","Escobar","CF Montreal","Attacking Midfield","$88,025.00","$93,421.00"
"Cristian","Espinoza","Nashville SC","Right Wing","$1,958,333.00","$2,343,567.00"
"Ascel","Essengue","LA Galaxy","Center-back","$88,025.00","$88,025.00"
"Derrick","Etienne Jr.","Toronto FC","Left Wing","$375,000.00","$375,000.00"
"Stephen","Eustaquio","LAFC","Central Midfield","$1,800,000.00","$1,800,000.00"
"Matt","Evans","LAFC","Attacking Midfield","$88,025.00","$88,025.00"
"Ali","Fadal","Colorado Rapids","Central Midfield","$113,400.00","$113,400.00"
"Diego","Fagúndez","New England Revolution","Left Wing","$300,000.00","$316,250.00"
"Maximiliano","Falcón","Inter Miami","Center-back","$600,000.00","$674,250.00"
"Fallou","Fall","St. Louis City SC","Center-back","$645,500.00","$743,919.00"
"Jordan","Farr","DC United","Goalkeeper","$113,400.00","$118,400.00"
"Andrew","Farrell","New England Revolution","Center-back","$113,400.00","$113,400.00"
"Logan","Farrington","FC Dallas","Center Forward","$350,000.00","$417,000.00"
"Mohamed","Farsi","Columbus Crew","Right Midfield","$500,000.00","$530,000.00"
"Ilay","Feingold","New England Revolution","Right-back","$575,000.00","$575,000.00"
"Julián","Fernández","New York City FC","Right Wing","$720,000.00","$784,300.00"
"Nicolás","Fernández Mercau","New York City FC","Center Forward","$3,650,000.00","$3,650,000.00"
"Omir","Fernandez","Portland Timbers","Right Wing","$625,000.00","$686,875.00"
"Nick","Fernandez","San Jose Earthquakes","Defensive Midfield","$113,400.00","$115,304.00"
"Duran","Ferree","San Diego FC","Goalkeeper","$113,400.00","$113,400.00"
"Jesús","Ferreira","Seattle Sounders FC","Center Forward","$1,639,204.00","$1,882,937.00"
"Britton","Fischer","Minnesota United","Center-back","$88,025.00","$88,025.00"
"Dominik","Fitz","Minnesota United","Attacking Midfield","$890,000.00","$893,000.00"
"Cooper","Flax","New York City FC","Left Wing","$88,025.00","$88,025.00"
"Kristian","Fletcher","FC Cincinnati","Center Forward","$113,400.00","$126,733.00"
"Gilberto","Flores","FC Cincinnati","Center-back","$390,000.00","$436,672.00"
"Max","Floriani","San Jose Earthquakes","Center-back","$88,025.00","$90,525.00"
"CJ","Fodrey","Austin FC","Left Wing","$120,000.00","$120,000.00"
"Mamadou","Fofana","New England Revolution","Center-back","$800,000.00","$916,250.00"
"Emil","Forsberg","New York Red Bulls","Left Wing","$5,405,000.00","$6,035,625.00"
"Gabriel","Fortes Chaves","LA Galaxy","Right Wing","$1,680,000.00","$2,459,000.00"
"Ajani","Fortune","Atlanta United","Central Midfield","$120,000.00","$120,000.00"
"Jimer","Fory","Portland Timbers","Left-back","$450,000.00","$470,000.00"
"André","Franco","Chicago Fire","Attacking Midfield","$1,200,000.00","$1,306,771.00"
"Kobe","Franklin","Toronto FC","Right-back","$150,000.00","$160,802.00"
"Ian","Fray","Inter Miami","Center-back","$375,000.00","$429,000.00"
"Wayne","Frederick","Colorado Rapids","Central Midfield","$113,400.00","$113,400.00"
"Matt","Freese","New York City FC","Goalkeeper","$675,000.00","$795,833.00"
"Stefan","Frei","Seattle Sounders FC","Goalkeeper","$365,000.00","$390,750.00"
"Malcolm","Fry","New England Revolution","Right Wing","$113,400.00","$118,960.00"
"Yeimar","Gómez Andrade","Seattle Sounders FC","Center-back","$900,000.00","$982,500.00"
"Jeff","Gal","Chicago Fire","Goalkeeper","$150,000.00","$165,000.00"
"Matías","Galarza","Atlanta United","Central Midfield","$720,000.00","$945,413.00"
"Jon","Gallagher","Austin FC","Right-back","$400,000.00","$400,000.00"
"Manu","García","Sporting Kansas City","Attacking Midfield","$2,200,000.00","$2,425,313.00"
"Diego","García","FC Dallas","Central Midfield","$88,025.00","$101,666.00"
"Carlos","Garcés","LA Galaxy","Center-back","$480,000.00","$518,000.00"
"Ryan","Gauld","Vancouver Whitecaps","Attacking Midfield","$3,500,000.00","$3,675,000.00"
"Luka","Gavran","Toronto FC","Goalkeeper","$225,000.00","$249,475.00"
"Dániel","Gazdag","Columbus Crew","Attacking Midfield","$2,049,996.00","$2,647,635.00"
"Emil","Gazdov","CF Montreal","Goalkeeper","$88,025.00","$96,172.00"
"Owen","Gene","Minnesota United","Central Midfield","$420,000.00","$450,100.00"
"Joran","Gerbet","Orlando City SC","Defensive Midfield","$113,400.00","$113,400.00"
"Mihail","Gherasimencov","Vancouver Whitecaps","Left-back","$88,025.00","$97,748.00"
"Samuel","Gidi","FC Cincinnati","Central Midfield","$600,000.00","$671,050.00"
"Carles","Gil","New England Revolution","Attacking Midfield","$4,500,000.00","$4,952,083.00"
"Adrian","Gill","Atlanta United","Central Midfield","$88,025.00","$88,025.00"
"Thomas","Gillier","CF Montreal","Goalkeeper","$445,000.00","$487,000.00"
"Blake","Gillingham","Houston Dynamo","Goalkeeper","$88,025.00","$88,025.00"
"Jake","Girdwood-Reich","St. Louis City SC","Center-back","$296,750.00","$335,527.00"
"Dennis","Gjengaar","New York Red Bulls","Right Wing","$380,000.00","$438,769.00"
"Justen","Glad","Real Salt Lake","Center-back","$1,150,000.00","$1,330,000.00"
"Omari","Glasgow","Chicago Fire","Right Midfield","$113,400.00","$127,085.00"
"Jakob","Glesnes","LA Galaxy","Center-back","$826,087.00","$1,268,503.00"
"Caden","Glover","St. Louis City SC","Center Forward","$150,000.00","$155,000.00"
"Aníbal","Godoy","San Diego FC","Defensive Midfield","$325,000.00","$358,333.00"
"André","Gomes","Columbus Crew","Central Midfield","$875,000.00","$971,944.00"
"Sebastian","Gomez","Seattle Sounders FC","Attacking Midfield","$88,025.00","$94,740.00"
"Nicksoen","Gomis","Toronto FC","Center-back","$113,400.00","$113,400.00"
"Mauricio","González","Minnesota United","Left Wing","$240,000.00","$240,000.00"
"Jonathan","González","San Jose Earthquakes","Defensive Midfield","$250,000.00","$275,625.00"
"Archie","Goodwin","Charlotte FC","Center Forward","$325,000.00","$366,187.00"
"Ashton","Gordon","Atlanta United","Right Wing","$88,025.00","$88,025.00"
"Zavier","Gozo","Real Salt Lake","Right Wing","$113,400.00","$126,123.00"
"Owen","Graham-Roache","CF Montreal","Center Forward","$88,025.00","$93,915.00"
"Tayvon","Gray","New York City FC","Right-back","$550,000.00","$664,000.00"
"Stian","Gregersen","Atlanta United","Center-back","$850,000.00","$970,000.00"
"Julian","Gressel","Minnesota United","Right Midfield","$1,204,005.00","$1,204,005.00"
"Aleksandr","Guboglo","CF Montreal","Right-back","$88,025.00","$93,714.00"
"Gage","Guerra","Portland Timbers","Center Forward","$88,025.00","$88,025.00"
"Morgan","Guilavogui","Real Salt Lake","Right Wing","$2,200,000.00","$2,225,500.00"
"JD","Gunn","New England Revolution","Goalkeeper","$113,400.00","$116,181.00"
"Colin","Guske","Orlando City SC","Defensive Midfield","$88,025.00","$98,830.00"
"Andrew","Gutman","Chicago Fire","Left-back","$625,000.00","$625,000.00"
"Justin","Haak","LA Galaxy","Center-back","$752,841.00","$810,561.00"
"Taha","Habroune","Columbus Crew","Central Midfield","$140,000.00","$152,000.00"
"Teenage","Hadebe","FC Cincinnati","Center-back","$1,080,000.00","$1,230,000.00"
"Nicholas","Hagen","Columbus Crew","Goalkeeper","$165,000.00","$183,600.00"
"Nick","Hagglund","FC Cincinnati","Center-back","$113,400.00","$130,067.00"
"Maren","Haile-Selassie","Chicago Fire","Right Midfield","$444,000.00","$483,500.00"
"Belal","Halbouni","Vancouver Whitecaps","Center-back","$204,000.00","$230,233.00"
"Julian","Hall","New York Red Bulls","Center Forward","$175,000.00","$257,241.00"
"Tyler","Hall","Inter Miami","Center-back","$113,400.00","$113,400.00"
"Lucas","Halter","Houston Dynamo","Center-back","$1,265,004.00","$1,416,921.00"
"Nicolas","Hansen","Colorado Rapids","Goalkeeper","$160,000.00","$160,000.00"
"Ian","Harkes","San Jose Earthquakes","Central Midfield","$450,000.00","$450,000.00"
"Cameron","Harper","New York Red Bulls","Right Wing","$390,000.00","$431,750.00"
"Nathan","Harriel","Philadelphia Union","Right-back","$325,000.00","$421,300.00"
"Alex","Harris","Colorado Rapids","Right Wing","$88,025.00","$90,025.00"
"Calvin","Harris","Sporting Kansas City","Right Wing","$375,000.00","$375,000.00"
"Marcel","Hartel","St. Louis City SC","Central Midfield","$2,022,300.00","$2,407,813.00"
"Carlos","Harvey","Minnesota United","Defensive Midfield","$285,000.00","$317,063.00"
"Thomas","Hasal","LAFC","Goalkeeper","$200,000.00","$210,133.00"
"Stuart","Hawkins","Seattle Sounders FC","Center-back","$113,400.00","$125,421.00"
"Silvan","Hefti","DC United","Right-back","$370,000.00","$434,833.00"
"Malik","Henry","Toronto FC","Right Midfield","$88,025.00","$88,025.00"
"Kobi","Henry","Real Salt Lake","Center-back","$113,400.00","$121,376.00"
"Fabian","Herbers","CF Montreal","Right Wing","$400,000.00","$440,000.00"
"Ronald","Hernández","Atlanta United","Right-back","$145,000.00","$159,000.00"
"Héctor","Herrera","Houston Dynamo","Central Midfield","$525,000.00","$568,750.00"
"Andrés","Herrera","Columbus Crew","Right-back","$650,000.00","$727,632.00"
"Aarón","Herrera","DC United","Right-back","$850,000.00","$945,220.00"
"Lucas","Herrington","Colorado Rapids","Center-back","$200,004.00","$235,004.00"
"Aiden","Hezarkhani","Real Salt Lake","Right Wing","$88,025.00","$94,383.00"
"Jayden","Hibbert","Atlanta United","Goalkeeper","$113,400.00","$113,400.00"
"Bode","Hidalgo","CF Montreal","Right-back","$290,000.00","$320,800.00"
"Kyle","Hiebert","St. Louis City SC","Center-back","$260,000.00","$289,000.00"
"Brendan","Hines-Ike","Austin FC","Center-back","$375,000.00","$375,000.00"
"Bongokuhle","Hlongwane","Minnesota United","Right Wing","$1,000,000.00","$1,142,500.00"
"Rob","Holding","Colorado Rapids","Center-back","$1,200,000.00","$1,200,000.00"
"Nick","Holliday","Charlotte FC","Goalkeeper","$88,025.00","$88,025.00"
"Ryan","Hollingshead","LAFC","Left-back","$550,000.00","$550,000.00"
"Duane","Holmes","Houston Dynamo","Right Midfield","$550,000.00","$628,000.00"
"Jackson","Hopkins","DC United","Attacking Midfield","$157,500.00","$157,833.00"
"Ethan","Horvath","New York Red Bulls","Goalkeeper","$424,992.00","$524,909.00"
"Lucas","Hoyos","Atlanta United","Goalkeeper","$315,000.00","$342,667.00"
"Keegan","Hughes","New England Revolution","Center-back","$113,400.00","$113,400.00"
"Sebastien","Ibeagha","FC Dallas","Center-back","$730,000.00","$793,625.00"
"Sunusi","Ibrahim","CF Montreal","Center Forward","$350,000.00","$410,000.00"
"Mitja","Ilenic","New York City FC","Right Midfield","$300,000.00","$391,700.00"
"Milan","Iloski","Philadelphia Union","Center Forward","$575,000.00","$628,194.00"
"Marcus","Ingvartsen","San Diego FC","Center Forward","$1,800,000.00","$1,800,000.00"
"Ayoub","Jabbari","FC Cincinnati","Center Forward","$420,000.00","$474,800.00"
"AZ","Jackson","Vancouver Whitecaps","Attacking Midfield","$240,000.00","$403,680.00"
"Tomás","Jacob","Atlanta United","Center-back","$525,000.00","$642,500.00"
"Iván","Jaime","CF Montreal","Attacking Midfield","$1,920,000.00","$2,111,200.00"
"Malik","Jakupović","Philadelphia Union","Center Forward","$88,025.00","$105,956.00"
"Ian","James","Sporting Kansas City","Center-back","$113,400.00","$117,998.00"
"Bryce","Jamison","Colorado Rapids","Right Wing","$113,400.00","$125,866.00"
"Robin","Jansson","Orlando City SC","Center-back","$500,000.00","$530,000.00"
"Aiden","Jarvis","New York Red Bulls","Central Midfield","$88,025.00","$105,110.00"
"Jack","Jasinski","San Jose Earthquakes","Right-back","$88,025.00","$90,287.00"
"Danley","Jean Jacques","Philadelphia Union","Defensive Midfield","$650,000.00","$702,500.00"
"Sang-bin","Jeong","St. Louis City SC","Center Forward","$685,125.00","$791,833.00"
"Igor","Jesus Lima","LAFC","Defensive Midfield","$625,000.00","$691,684.00"
"Stiven","Jimenez","FC Cincinnati","Central Midfield","$113,400.00","$113,400.00"
"Herman","Johansson","FC Dallas","Right Midfield","$600,000.00","$740,000.00"
"Andrew","Johnson","Charlotte FC","Center-back","$88,025.00","$89,309.00"
"Tate","Johnson","Vancouver Whitecaps","Left-back","$88,025.00","$89,025.00"
"Sean","Johnson","DC United","Goalkeeper","$883,475.00","$883,475.00"
"Isaiah","Jones","Nashville SC","Central Midfield","$113,400.00","$117,400.00"
"DeJuan","Jones","San Jose Earthquakes","Left-back","$891,996.00","$898,246.00"
"Malachi","Jones","New York City FC","Left Wing","$113,400.00","$113,400.00"
"Dejan","Joveljić","Sporting Kansas City","Center Forward","$3,000,000.00","$3,306,250.00"
"MyKhi","Joyner","St. Louis City SC","Left Midfield","$113,400.00","$130,680.00"
"Preston","Judd","San Jose Earthquakes","Center Forward","$250,000.00","$299,375.00"
"Anderson","Julio","FC Dallas","Right Wing","$750,000.00","$820,000.00"
"Ho-yeon","Jung","Minnesota United","Central Midfield","$131,000.00","$168,039.00"
"Sam","Junqua","Real Salt Lake","Left-back","$450,000.00","$482,813.00"
"Sawyer","Jura","Portland Timbers","Right-back","$88,025.00","$91,358.00"
"Kristijan","Kahlina","Charlotte FC","Goalkeeper","$775,000.00","$813,750.00"
"Bernard","Kamungo","FC Dallas","Right Wing","$250,000.00","$281,000.00"
"Stefan","Kapor","Toronto FC","Center-back","$88,025.00","$97,740.00"
"Hakim","Karamoko","DC United","Right Wing","$88,025.00","$88,025.00"
"Alexandros","Katranis","Real Salt Lake","Left-back","$450,000.00","$519,875.00"
"Samsy","Keita","CF Montreal","Goalkeeper","$88,025.00","$102,637.00"
"Kevin","Kelsy","Portland Timbers","Center Forward","$662,000.00","$802,804.00"
"Max","Kerkvliet","Real Salt Lake","Goalkeeper","$88,025.00","$88,025.00"
"Deandre","Kerr","Toronto FC","Center Forward","$160,000.00","$165,319.00"
"Henry","Kessler","Charlotte FC","Center-back","$850,000.00","$965,525.00"
"Hosei","Kijima","DC United","Central Midfield","$113,400.00","$113,400.00"
"Benji","Kikanović","San Jose Earthquakes","Left Wing","$442,000.00","$478,700.00"
"Joon-hong","Kim","DC United","Goalkeeper","$250,000.00","$349,880.00"
"Kee-hee","Kim","Seattle Sounders FC","Center-back","$113,400.00","$113,400.00"
"Peter","Kingston","Seattle Sounders FC","Defensive Midfield","$113,400.00","$113,400.00"
"João","Klauss de Mello","LA Galaxy","Center Forward","$2,187,500.00","$2,915,000.00"
"Eric","Klein","New England Revolution","Center-back","$88,025.00","$94,302.00"
"Matus","Kmet","Minnesota United","Right-back","$210,000.00","$227,469.00"
"Jordan","Knight","Nashville SC","Left-back","$88,025.00","$93,858.00"
"Ethan","Kohler","New England Revolution","Center-back","$280,000.00","$308,800.00"
"Žan","Kolmanič","Austin FC","Left-back","$375,000.00","$375,000.00"
"Jack","Kortkamp","Sporting Kansas City","Goalkeeper","$88,025.00","$90,025.00"
"Stas","Korzeniowski","Philadelphia Union","Center Forward","$88,025.00","$88,025.00"
"Kalani","Kossa-Rienzi","Seattle Sounders FC","Right-back","$113,400.00","$113,400.00"
"Theodore","Ku-DiPietro","Colorado Rapids","Attacking Midfield","$500,000.00","$556,000.00"
"Willy","Kumado","San Diego FC","Right-back","$113,400.00","$125,835.00"
"Keisuke","Kurokawa","DC United","Left-back","$550,000.00","$615,500.00"
"Benjamín","Kuscevic","Toronto FC","Center-back","$650,004.00","$804,982.00"
"Eduard","Löwen","St. Louis City SC","Central Midfield","$1,300,000.00","$1,444,250.00"
"Hernán","López Muñoz","San Jose Earthquakes","Attacking Midfield","$850,000.00","$1,020,000.00"
"Mathías","Laborda","Vancouver Whitecaps","Center-back","$1,050,000.00","$1,193,625.00"
"Luca","Langoni","New England Revolution","Right Wing","$715,000.00","$787,283.00"
"Stanislav","Lapkes","Columbus Crew","Goalkeeper","$95,400.00","$114,490.00"
"Oliver","Larraz","Vancouver Whitecaps","Central Midfield","$450,000.00","$496,667.00"
"Richie","Laryea","Toronto FC","Right-back","$875,000.00","$1,214,438.00"
"Damian","Las","Austin FC","Goalkeeper","$175,000.00","$175,000.00"
"Ariel","Lassiter","Portland Timbers","Left Wing","$325,000.00","$358,000.00"
"Emmanuel","Latte Lath","Atlanta United","Center Forward","$3,240,000.00","$3,736,000.00"
"Mac","Learned","New York City FC","Goalkeeper","$88,025.00","$88,025.00"
"Isaiah","LeFlore","Nashville SC","Left-back","$88,025.00","$88,025.00"
"Tucker","Lepley","LA Galaxy","Defensive Midfield","$113,400.00","$115,086.00"
"Beau","Leroux","San Jose Earthquakes","Central Midfield","$249,996.00","$249,996.00"
"Grant","Leveille","DC United","Goalkeeper","$88,025.00","$96,750.00"
"Ondrej","Lingr","Houston Dynamo","Attacking Midfield","$849,996.00","$938,074.00"
"Hugo","Lloris","LAFC","Goalkeeper","$800,000.00","$800,000.00"
"Saba","Lobjanidze","Atlanta United","Left Wing","$900,000.00","$998,750.00"
"Robin","Lod","Chicago Fire","Central Midfield","$800,000.00","$866,667.00"
"Aaron","Long","LAFC","Center-back","$445,000.00","$1,050,000.00"
"Matty","Longstaff","CF Montreal","Central Midfield","$416,000.00","$435,869.00"
"Antino","Lopez","Seattle Sounders FC","Center-back","$88,025.00","$88,025.00"
"Ivan","Losenko","CF Montreal","Central Midfield","$210,000.00","$248,000.00"
"Victor","Loturi","CF Montreal","Central Midfield","$135,000.00","$146,500.00"
"Ricky","Louis","FC Dallas","Center Forward","$88,025.00","$88,858.00"
"Evan","Louro","FC Cincinnati","Goalkeeper","$237,500.00","$259,635.00"
"Daniel","Lovitz","Nashville SC","Left-back","$410,000.00","$427,500.00"
"Hirving","Lozano","San Diego FC","Left Wing","$6,000,000.00","$9,333,333.00"
"Gonzalo","Luján","Inter Miami","Center-back","$630,000.00","$921,750.00"
"Jovan","Lukić","Philadelphia Union","Central Midfield","$395,000.00","$441,375.00"
"Diego","Luna","Real Salt Lake","Left Midfield","$450,000.00","$500,833.00"
"Ben","Lundt","St. Louis City SC","Goalkeeper","$225,000.00","$225,000.00"
"Thomas","Müller","Vancouver Whitecaps","Center Forward/Attacking Midfielder","$5,000,004.00","$5,152,504.00"
"Liam","MacKenzie","Vancouver Whitecaps","Attacking Midfield","$88,025.00","$103,450.00"
"Lukas","MacNaughton","St. Louis City SC","Center-back","$200,000.00","$219,306.00"
"Warren","Madrigal","Nashville SC","Left Wing","$350,000.00","$403,500.00"
"Jack","Maher","Nashville SC","Center-back","$900,000.00","$995,467.00"
"Cassius","Mailula","Toronto FC","Center Forward","$350,000.00","$366,003.00"
"Olwethu","Makhanya","Philadelphia Union","Center-back","$300,000.00","$338,875.00"
"Alexis","Manyoma","Colorado Rapids","Left Wing","$654,000.00","$711,750.00"
"Adrián","Marín","Orlando City SC","Left-back","$525,000.00","$577,972.00"
"JT","Marcinkowski","LA Galaxy","Goalkeeper","$302,000.00","$302,000.00"
"AJ","Marcucci","New York Red Bulls","Goalkeeper","$205,000.00","$230,060.00"
"Dominik","Marczuk","Real Salt Lake","Right Wing","$720,000.00","$795,500.00"
"Paul","Marie","San Jose Earthquakes","Right-back","$350,000.00","$382,500.00"
"Nick","Markanich","Houston Dynamo","Right Wing","$184,962.00","$202,778.00"
"Anthony","Markanich Jr.","Minnesota United","Left-back","$350,000.00","$395,700.00"
"Nikola","Marković","DC United","Center-back","$88,025.00","$93,858.00"
"George","Marks","Philadelphia Union","Goalkeeper","$125,000.00","$132,125.00"
"Omar","Marquez","Real Salt Lake","Right Wing","$88,025.00","$103,600.00"
"Jahkeele","Marshall-Rutty","New York Red Bulls","Right-back","$425,000.00","$473,750.00"
"Geiner","Martínez","Philadelphia Union","Center-back","$200,000.00","$360,204.00"
"David","Martínez","LAFC","Right Wing","$550,000.00","$550,000.00"
"Alonso","Martínez","New York City FC","Center Forward","$750,000.00","$850,333.00"
"Thiago","Martins","New York City FC","Center-back","$1,800,000.00","$2,262,000.00"
"João Gabriel","Martins Peglow","DC United","Left Wing","$375,000.00","$626,312.00"
"Joyeux","Masanka Bungi","New York Red Bulls","Left Midfield","$210,000.00","$222,500.00"
"Jimmy","Maurer","Houston Dynamo","Goalkeeper","$225,000.00","$225,000.00"
"Mamadou","Mbacke","St. Louis City SC","Center-back","$435,000.00","$496,350.00"
"Olivier","Mbaizo","Philadelphia Union","Right-back","$460,000.00","$502,875.00"
"Mbekezeli","Mbokazi","Chicago Fire","Center-back","$593,000.00","$655,620.00"
"Kenji","Mboma Dem","FC Cincinnati","Center Forward","$88,025.00","$88,025.00"
"John","McCarthy","New York Red Bulls","Goalkeeper","$525,000.00","$589,167.00"
"Jack","McGlynn","Houston Dynamo","Central Midfield","$776,000.00","$910,320.00"
"Zac","McGraw","Portland Timbers","Center-back","$295,000.00","$341,750.00"
"Duncan","McGuire","Orlando City SC","Center Forward","$600,000.00","$921,000.00"
"Damario","McIntosh","New England Revolution","Right-back","$113,400.00","$122,349.00"
"Brendan","McSorley","St. Louis City SC","Center Forward","$88,025.00","$88,025.00"
"Christopher","McVey","San Diego FC","Center-back","$525,000.00","$576,813.00"
"Cruz","Medina","San Jose Earthquakes","Central Midfield","$180,000.00","$198,394.00"
"Adri","Mehmeti","New York Red Bulls","Central Midfield","$113,400.00","$158,980.00"
"Edwyn","Mendoza","San Jose Earthquakes","Defensive Midfield","$120,000.00","$132,440.00"
"Lionel","Messi","Inter Miami","Right Wing","$25,000,000.00","$28,333,333.00"
"Wyatt","Meyer","Sporting Kansas City","Center-back","$113,400.00","$116,550.00"
"Novak","Mićović","LA Galaxy","Goalkeeper","$200,000.00","$200,000.00"
"Matt","Miazga","FC Cincinnati","Center-back","$1,639,000.00","$1,639,000.00"
"Kenyel","Michel","Minnesota United","Left Wing","$113,400.00","$113,400.00"
"Alex","Mighten","San Diego FC","Left Wing","$325,000.00","$332,292.00"
"Djordje","Mihailovic","Toronto FC","Attacking Midfield","$2,279,170.00","$2,828,204.00"
"Enea","Mihaj","Atlanta United","Center-back","$1,215,000.00","$1,557,000.00"
"Jovan","Mijatovic","New York City FC","Center Forward","$700,000.00","$737,500.00"
"Reese","Miller","Houston Dynamo","Left-back","$88,025.00","$92,668.00"
"Nolan","Miller","Orlando City SC","Center-back","$88,025.00","$88,025.00"
"Tyler","Miller","Charlotte FC","Goalkeeper","$226,800.00","$250,925.00"
"Harbor","Miller","LA Galaxy","Right-back","$88,025.00","$88,025.00"
"Eric","Miller","Portland Timbers","Right-back","$113,400.00","$113,400.00"
"Kamal","Miller","Portland Timbers","Center-back","$797,496.00","$822,496.00"
"Peyton","Miller","New England Revolution","Left-back","$113,400.00","$115,400.00"
"Jansen","Miller","Sporting Kansas City","Center-back","$88,025.00","$89,705.00"
"Juan","Mina","New York Red Bulls","Right-back","$175,000.00","$190,432.00"
"Georgi","Minoungou","Colorado Rapids","Right Wing","$113,400.00","$113,400.00"
"Aleksey","Miranchuk","Atlanta United","Attacking Midfield","$3,800,000.00","$5,085,441.00"
"Roald","Mitchell","New York Red Bulls","Center Forward","$125,000.00","$145,408.00"
"Shakur","Mohammed","Nashville SC","Right Wing","$88,025.00","$89,692.00"
"Luca","Moisa","Real Salt Lake","Central Midfield","$113,400.00","$113,400.00"
"Malachi","Molina","Nashville SC","Right-back","$88,025.00","$100,741.00"
"Peter","Molinari","New York City FC","Defensive Midfield","$88,025.00","$92,654.00"
"Zane","Monlouis","Toronto FC","Center-back","$125,000.00","$137,891.00"
"Francesco","Montali","San Jose Earthquakes","Goalkeeper","$113,400.00","$116,578.00"
"Shaq","Moore","FC Dallas","Right-back","$800,000.00","$870,000.00"
"Kaiden","Moore","Philadelphia Union","Center-back","$88,025.00","$88,025.00"
"Felipe","Mora","Portland Timbers","Center Forward","$1,200,000.00","$1,397,750.00"
"Marcelo","Morales","New York Red Bulls","Left-back","$325,000.00","$472,375.00"
"Efraín","Morales","CF Montreal","Center-back","$400,000.00","$451,250.00"
"Santiago","Morales","Inter Miami","Central Midfield","$130,000.00","$138,333.00"
"Maxi","Moralez","New York City FC","Attacking Midfield","$480,000.00","$500,000.00"
"Steven","Moreira","Columbus Crew","Right-back","$840,000.00","$922,000.00"
"Santiago","Moreno","FC Dallas","Right Wing","$803,125.00","$938,387.00"
"Lewis","Morgan","San Diego FC","Left Wing","$1,639,150.00","$1,868,508.00"
"Jordan","Morris","Seattle Sounders FC","Center Forward","$2,362,500.00","$2,372,500.00"
"Ramiro","Moschen Benetti","FC Dallas","Central Midfield","$575,000.00","$575,000.00"
"Rafael","Mosquera","New York Red Bulls","Left Wing","$88,025.00","$99,925.00"
"Juan","Mosquera","Portland Timbers","Right-back","$475,000.00","$541,650.00"
"Cole","Mrowka","Columbus Crew","Central Midfield","$113,400.00","$133,408.00"
"Fabian","Mrozek","FC Cincinnati","Goalkeeper","$113,400.00","$150,900.00"
"Chris","Mueller","Chicago Fire","Right Wing","$150,000.00","$186,600.00"
"Hany","Mukhtar","Nashville SC","Attacking Midfield","$4,000,000.00","$5,411,667.00"
"Daniel","Munie","San Jose Earthquakes","Center-back","$500,000.00","$574,000.00"
"Louis","Munteanu","DC United","Center Forward","$1,190,000.00","$1,634,100.00"
"Facundo","Mura","Inter Miami","Right-back","$850,000.00","$1,026,875.00"
"Ian","Murphy","Colorado Rapids","Center-back","$400,000.00","$447,500.00"
"Max","Murray","New York City FC","Center-back","$88,025.00","$89,873.00"
"Jacob","Murrell","DC United","Center Forward","$113,400.00","$113,400.00"
"Petar","Musa","FC Dallas","Center Forward","$2,450,000.00","$2,880,000.00"
"Trey","Muse","Portland Timbers","Goalkeeper","$113,400.00","$113,400.00"
"Danny","Musovski","Seattle Sounders FC","Center Forward","$650,000.00","$712,924.00"
"Alex","Muyl","Nashville SC","Right Wing","$655,000.00","$655,000.00"
"Tristan","Muyumba","Atlanta United","Defensive Midfield","$600,000.00","$641,600.00"
"Andy","Nájar","Nashville SC","Right-back","$550,000.00","$603,333.00"
"Matheus","Nascimento de Paula","LA Galaxy","Center Forward","$650,000.00","$707,000.00"
"Miguel","Navarro","Colorado Rapids","Left-back","$498,000.00","$548,781.00"
"Rafael","Navarro Leal","Colorado Rapids","Center Forward","$1,392,000.00","$1,449,600.00"
"Philippe","Ndinga","Philadelphia Union","Left-back","$300,000.00","$332,250.00"
"Jalen","Neal","CF Montreal","Center-back","$675,000.00","$756,250.00"
"Dylan","Nealis","New York Red Bulls","Right-back","$412,500.00","$412,500.00"
"Sean","Nealis","DC United","Center-back","$650,000.00","$723,750.00"
"Jack","Neeley","Charlotte FC","Center-back","$140,000.00","$142,000.00"
"Franco","Negri","Houston Dynamo","Left-back","$113,400.00","$115,605.00"
"John","Nelson","LA Galaxy","Left-back","$350,000.00","$350,000.00"
"Jayden","Nelson","Austin FC","Left Wing","$499,999.92","$554,000.00"
"Enzo","Newman","FC Dallas","Right-back","$88,025.00","$88,025.00"
"J.C.","Ngando","Vancouver Whitecaps","Defensive Midfield","$200,000.00","$200,000.00"
"Serge","Ngoma","New York Red Bulls","Right Wing","$205,000.00","$233,700.00"
"Kenny","Nielsen","LAFC","Center-back","$88,025.00","$88,025.00"
"Joakim","Nilsson","MLS Pool","Center-back","$1,221,175.00","$1,289,675.00"
"Nolan","Norris","FC Dallas","Left-back","$200,000.00","$218,642.00"
"Josh","Nteziryayo","CF Montreal","Defensive Midfield","$88,025.00","$91,120.00"
"Tsiki","Ntsabeleng","FC Dallas","Attacking Midfield","$230,000.00","$257,000.00"
"Obinna","Nwobodo","FC Cincinnati","Defensive Midfield","$1,500,000.00","$1,849,724.00"
"Aiden","O'Neill","New York City FC","Defensive Midfield","$600,000.00","$630,938.00"
"Kevin","O'Toole","New York City FC","Left-back","$300,000.00","$323,333.00"
"Édier","Ocampo","Vancouver Whitecaps","Right-back","$400,000.00","$453,799.00"
"Chituru","Odunze","Charlotte FC","Goalkeeper","$125,000.00","$138,508.00"
"Braian","Ojeda","Orlando City SC","Defensive Midfield","$725,000.00","$910,500.00"
"Martín","Ojeda","Orlando City SC","Attacking Midfield","$1,600,000.00","$1,778,200.00"
"Agustín","Ojeda","New York City FC","Left Wing","$540,000.00","$607,833.00"
"Hamzat","Ojediran","Colorado Rapids","Defensive Midfield","$800,000.00","$881,667.00"
"Victor","Olatunji","Real Salt Lake","Center Forward","$600,000.00","$626,500.00"
"Christian","Olivares","St. Louis City SC","Goalkeeper","$113,400.00","$113,400.00"
"Sal","Olivas","Philadelphia Union","Center Forward","$113,400.00","$137,480.00"
"Cristiano","Oliveira","New England Revolution","Attacking Midfield","$88,025.00","$99,025.00"
"CJ","Olney Jr.","Philadelphia Union","Left Midfield","$113,400.00","$127,065.00"
"Toyosi","Olusanya","Houston Dynamo","Center Forward","$418,000.00","$463,219.00"
"Mahala","Opoku","CF Montreal","Right Wing","$583,333.00","$723,560.00"
"Nathan","Ordaz","LAFC","Center Forward","$500,000.00","$545,000.00"
"Sergio","Oregel","Chicago Fire","Central Midfield","$350,000.00","$392,500.00"
"Jaziel","Orozco","St. Louis City SC","Right-back","$88,025.00","$88,025.00"
"Joao","Ortiz","Portland Timbers","Defensive Midfield","$550,000.00","$600,625.00"
"Jonathan","Osorio","Toronto FC","Central Midfield","$800,000.00","$1,083,333.00"
"Tomas","Ostrák","St. Louis City SC","Attacking Midfield","$700,000.00","$801,000.00"
"Javier","Otero","Orlando City SC","Goalkeeper","$160,000.00","$163,750.00"
"Prince","Owusu","CF Montreal","Center Forward","$1,300,000.00","$1,330,000.00"
"Allan","Oyirwoth","New England Revolution","Attacking Midfield","$125,000.00","$141,000.00"
"Marco","Pašalić","Orlando City SC","Right Wing","$1,600,000.00","$1,650,667.00"
"Woobens","Pacius","Nashville SC","Center Forward","$113,400.00","$113,400.00"
"Devin","Padelford","Minnesota United","Left-back","$160,000.00","$179,500.00"
"Joseph","Paintsil","LA Galaxy","Left Wing","$3,456,000.00","$4,502,000.00"
"Nelson","Palacio","Real Salt Lake","Central Midfield","$430,000.00","$473,167.00"
"Jeisson","Palacios","Nashville SC","Center-back","$700,000.00","$1,097,500.00"
"Sergi","Palencia","LAFC","Right-back","$725,000.00","$745,000.00"
"Jack","Panayotou","New England Revolution","Central Midfield","$140,000.00","$142,000.00"
"James","Pantemis","Portland Timbers","Goalkeeper","$300,000.00","$320,833.00"
"Isaiah","Parente","LA Galaxy","Central Midfield","$113,400.00","$113,400.00"
"Donovan","Parisian","New England Revolution","Goalkeeper","$88,025.00","$88,025.00"
"Tim","Parker","New York Red Bulls","Center-back","$350,000.00","$387,500.00"
"Van","Parker","Real Salt Lake","Right Wing","$88,025.00","$90,192.00"
"Keaton","Parks","New York City FC","Defensive Midfield","$1,000,000.00","$1,130,000.00"
"Tyson","Pearce","St. Louis City SC","Right-back","$130,000.00","$130,000.00"
"Adam","Pearlman","Toronto FC","Center-back","$130,000.00","$143,300.00"
"Amahl","Pellegrino","San Diego FC","Left Wing","$600,000.00","$645,000.00"
"Matti","Peltola","DC United","Defensive Midfield","$800,000.00","$876,000.00"
"Andrés","Perea","New York City FC","Defensive Midfield","$695,000.00","$757,000.00"
"Daniel","Pereira","Austin FC","Central Midfield","$750,000.00","$793,750.00"
"Raul Gustavo","Pereira Bicalho","New York City FC","Center-back","$720,000.00","$812,960.00"
"Matheus","Pereira de Souza","Toronto FC","Left-back","$477,000.00","$650,800.00"
"Joaquín","Pereyra","Minnesota United","Central Midfield","$900,000.00","$1,089,000.00"
"Miguel","Perez","St. Louis City SC","Central Midfield","$113,400.00","$113,400.00"
"Nikola","Petković","Seattle Sounders FC","Central Midfield","$470,000.00","$516,250.00"
"Luca","Petrasso","CF Montreal","Left-back","$119,600.00","$134,736.00"
"Donavan","Phillip","Colorado Rapids","Center Forward","$88,025.00","$88,025.00"
"Hugo","Picard","Columbus Crew","Left Midfield","$725,000.00","$781,244.00"
"Fafà","Picault","Atlanta United","Left Wing","$113,400.00","$142,250.00"
"Neil","Pierre","Philadelphia Union","Center-back","$113,400.00","$129,798.00"
"Nelson","Pierre","Vancouver Whitecaps","Center Forward","$125,000.00","$139,116.00"
"Kevin","Pierre Jr.","New York City FC","Central Midfield","$88,025.00","$90,226.00"
"Samuel","Piette","CF Montreal","Defensive Midfield","$535,250.00","$621,016.00"
"Ian","Pilcher","San Diego FC","Center-back","$88,025.00","$88,025.00"
"Mauricio","Pineda","Chicago Fire","Center-back","$200,000.00","$320,157.00"
"Dániel","Pintér","Inter Miami","Left Wing","$88,025.00","$88,025.00"
"Ariath","Piol","Real Salt Lake","Center Forward","$294,000.00","$348,859.00"
"Santiago","Pita","Atlanta United","Attacking Midfield","$88,025.00","$88,025.00"
"Matt","Polster","New England Revolution","Defensive Midfield","$675,000.00","$733,333.00"
"Dante","Polvara","St. Louis City SC","Defensive Midfield","$400,000.00","$436,806.00"
"Célio Antonio","Pompeu Pinheiro Martins","St. Louis City SC","Left Wing","$272,750.00","$309,006.00"
"Paxton","Pomykal","MLS Pool","Attacking Midfield","$1,200,000.00","$1,308,000.00"
"Ezequiel","Ponce","Houston Dynamo","Center Forward","$2,738,012.00","$3,000,212.00"
"David","Poreba","Chicago Fire","Attacking Midfield","$88,025.00","$98,858.00"
"Ryan","Porteous","LAFC","Center-back","$725,000.00","$760,260.00"
"Alvas","Powell","FC Cincinnati","Right-back","$285,000.00","$325,750.00"
"Owen","Presthus","Columbus Crew","Right-back","$88,025.00","$94,216.00"
"Ralph","Priso","Vancouver Whitecaps","Defensive Midfield","$175,000.00","$189,167.00"
"Andrew","Privett","Charlotte FC","Center-back","$250,000.00","$281,400.00"
"Luke","Pruter","Columbus Crew","Goalkeeper","$113,400.00","$113,400.00"
"Ricard","Puig Martí","LA Galaxy","Central Midfield","$5,125,000.00","$5,792,188.00"
"John","Pulskamp","Sporting Kansas City","Goalkeeper","$400,000.00","$425,375.00"
"Joedrick","Pupe","Vancouver Whitecaps","Center-back","$450,000.00","$490,600.00"
"Ahmed","Qasem","Nashville SC","Right Wing","$650,000.00","$650,000.00"
"Nelson","Quiñónes","MLS Pool","Left Wing","$276,996.00","$297,890.00"
"Philip","Quinton","Real Salt Lake","Center-back","$175,000.00","$175,000.00"
"Daniel","Ríos","CF Montreal","Center Forward","$225,000.00","$237,066.00"
"Rocco","Ríos Novo","Inter Miami","Goalkeeper","$200,000.00","$224,100.00"
"Viktor","Radojević","Chicago Fire","Left-back","$350,000.00","$357,000.00"
"Jeremy","Rafanello","Philadelphia Union","Attacking Midfield","$165,000.00","$186,125.00"
"Jackson","Ragen","Seattle Sounders FC","Center-back","$625,000.00","$635,000.00"
"Brooklyn","Raines","New England Revolution","Central Midfield","$400,000.00","$443,250.00"
"Rohan","Rajagopal","San Jose Earthquakes","Defensive Midfield","$88,025.00","$88,025.00"
"Bryan","Ramírez","FC Cincinnati","Right Wing","$435,000.00","$684,100.00"
"Christian","Ramirez","Austin FC","Center Forward","$525,000.00","$577,500.00"
"Rubén","Ramos","LA Galaxy","Attacking Midfield","$113,400.00","$113,400.00"
"Darius","Randell","Minnesota United","Right Wing","$88,025.00","$98,419.00"
"Greg","Ranjitsingh","New York City FC","Goalkeeper","$113,400.00","$113,400.00"
"Ryan","Raposo","LAFC","Left Midfield","$220,000.00","$220,000.00"
"Tim","Ream","Charlotte FC","Center-back","$1,000,000.00","$1,127,750.00"
"Sergio","Reguilón","Inter Miami","Left-back","$1,700,000.00","$1,800,000.00"
"Jayden","Reid","Sporting Kansas City","Left-back","$113,400.00","$116,655.00"
"Seymour","Reid","New York City FC","Center Forward","$88,025.00","$102,840.00"
"Tahir","Reid-Brown","Orlando City SC","Left-back","$125,000.00","$139,508.00"
"Will","Reilly","Atlanta United","Central Midfield","$88,025.00","$88,025.00"
"Agustin","Resch","Houston Dynamo","Center-back","$88,025.00","$88,025.00"
"Marco","Reus","LA Galaxy","Attacking Midfield","$604,364.00","$902,364.00"
"Andrés","Reyes","San Diego FC","Center-back","$804,000.00","$879,000.00"
"Justin","Reynolds","Sporting Kansas City","Right-back","$123,400.00","$123,400.00"
"Andrew","Rick","Philadelphia Union","Goalkeeper","$113,400.00","$123,315.00"
"Jamar","Ricketts","San Jose Earthquakes","Left-back","$113,400.00","$114,987.00"
"Chris","Rindov","LA Galaxy","Center-back","$113,400.00","$122,150.00"
"Antonio","Riquelme","Real Salt Lake","Attacking Midfield","$88,025.00","$91,740.00"
"Luis","Rivera","Real Salt Lake","Left-back","$160,000.00","$171,100.00"
"Kayne","Rizvanovich","Minnesota United","Goalkeeper","$88,025.00","$90,347.00"
"Reid","Roberts","San Jose Earthquakes","Center-back","$88,025.00","$88,025.00"
"Miles","Robinson","FC Cincinnati","Center-back","$3,500,000.00","$3,950,000.00"
"Diego","Rocío","Real Salt Lake","Right Wing","$88,025.00","$92,668.00"
"Sebastián","Rodríguez","Houston Dynamo","Central Midfield","$88,025.00","$96,675.00"
"Nicolás","Rodríguez","Orlando City SC","Right Wing","$210,000.00","$230,500.00"
"James","Rodríguez","Minnesota United","Attacking Midfield","$684,000.00","$684,000.00"
"Jonathan","Rodríguez","MLS Pool","Center Forward","$2,050,000.00","$2,902,500.00"
"Sam","Rogers","Chicago Fire","Center-back","$200,000.00","$223,000.00"
"Andy","Rojas","New York Red Bulls","Left Wing","$185,000.00","$213,131.00"
"Álex","Roldán","Seattle Sounders FC","Right-back","$625,000.00","$658,050.00"
"Cristian","Roldán","Seattle Sounders FC","Central Midfield","$1,645,000.00","$1,766,000.00"
"Brian","Romero","Charlotte FC","Right Wing","$175,000.00","$185,833.00"
"Nicolás","Romero","Minnesota United","Center-back","$455,000.00","$492,500.00"
"Tomás","Romero","New York City FC","Goalkeeper","$113,400.00","$113,400.00"
"Dave","Romney","San Jose Earthquakes","Center-back","$882,875.00","$962,375.00"
"Connor","Ronan","Colorado Rapids","Central Midfield","$510,000.00","$562,400.00"
"Joseph","Rosales","Austin FC","Left-back","$500,000.00","$529,875.00"
"Tanner","Rosborough","New York Red Bulls","Center Forward","$88,025.00","$105,043.00"
"Keegan","Rosenberry","Colorado Rapids","Right-back","$300,000.00","$300,000.00"
"Diego","Rossi","Columbus Crew","Attacking Midfield","$2,775,000.00","$3,476,827.00"
"Paul","Rothrock","Seattle Sounders FC","Left Wing","$525,000.00","$525,000.00"
"Kye","Rowles","DC United","Center-back","$550,000.00","$751,667.00"
"David","Ruíz","Inter Miami","Defensive Midfield","$200,000.00","$231,887.00"
"Pablo","Ruiz","Real Salt Lake","Central Midfield","$825,000.00","$911,500.00"
"Albert","Rusnák","Seattle Sounders FC","Attacking Midfield","$2,685,000.00","$2,685,000.00"
"Jorge","Ruvalcaba","New York Red Bulls","Left Wing","$720,000.00","$788,528.00"
"Cesar","Ruvalcaba","Columbus Crew","Center-back","$113,400.00","$113,400.00"
"Osvald","Søe","San Diego FC","Center-back","$234,996.00","$234,996.00"
"Ilie","Sánchez","Austin FC","Defensive Midfield","$225,000.00","$225,000.00"
"Cheikh","Sabaly","Vancouver Whitecaps","Left Wing","$1,109,091.00","$1,414,727.00"
"Emmanuel","Sabbi","Vancouver Whitecaps","Right Wing","$1,080,000.00","$1,167,750.00"
"Anisse","Saidi","San Diego FC","Center Forward","$88,025.00","$101,915.00"
"Ryan","Sailor","Seattle Sounders FC","Center-back","$113,400.00","$113,400.00"
"Anton","Salétros","Chicago Fire","Central Midfield","$700,000.00","$750,000.00"
"Enes","Sali","FC Dallas","Left Wing","$350,000.00","$395,000.00"
"Dániel","Sallói","Toronto FC","Left Wing","$1,300,000.00","$1,343,333.00"
"Diadié","Samassékou","Houston Dynamo","Defensive Midfield","$714,996.00","$771,871.00"
"Félix","Samson","CF Montreal","Center-back","$88,025.00","$91,740.00"
"Lucas","Sanabria","LA Galaxy","Defensive Midfield","$640,000.00","$742,800.00"
"Juan Manuel","Sanabria","Real Salt Lake","Left-back","$500,000.00","$500,000.00"
"Cooper","Sanchez","Atlanta United","Central Midfield","$88,025.00","$88,025.00"
"Will","Sands","New England Revolution","Left-back","$325,000.00","$333,333.00"
"James","Sands","New York City FC","Defensive Midfield","$1,250,000.00","$1,318,750.00"
"Rafael","Santos","St. Louis City SC","Left-back","$200,000.00","$226,354.00"
"Sergio","Santos","Atlanta United","Center Forward","$113,400.00","$171,000.00"
"Harvey","Sarajian","Orlando City SC","Left Wing","$88,025.00","$88,025.00"
"Kieran","Sargeant","San Diego FC","Left-back","$113,400.00","$122,180.00"
"Josh","Sargent","Toronto FC","Center Forward","$3,210,000.00","$5,265,667.00"
"Sam","Sarver","FC Dallas","Right Wing","$113,400.00","$113,400.00"
"Kaka","Scabin","FC Dallas","Center-back","$88,025.00","$88,025.00"
"Brian","Schaefer","FC Cincinnati","Center-back","$113,400.00","$120,067.00"
"Ryan","Schewe","Sporting Kansas City","Goalkeeper","$88,025.00","$88,025.00"
"David","Schnegg","Charlotte FC","Left-back","$650,000.00","$756,250.00"
"Sebastian","Schonlau","Vancouver Whitecaps","Center-back","$720,000.00","$776,833.00"
"Patrick","Schulte","Columbus Crew","Goalkeeper","$900,000.00","$1,032,083.00"
"Brian","Schwake","Nashville SC","Goalkeeper","$150,000.00","$166,800.00"
"Brady","Scott","LA Galaxy","Goalkeeper","$113,400.00","$113,400.00"
"Dante","Sealy","Colorado Rapids","Right Wing","$150,000.00","$168,022.00"
"Gabriel","Segal","DC United","Center Forward","$113,400.00","$113,400.00"
"Telasco","Segovia","Inter Miami","Central Midfield","$325,000.00","$360,000.00"
"Eddie","Segura","LAFC","Center-back","$722,500.00","$722,500.00"
"Amar","Sejdić","Columbus Crew","Defensive Midfield","$200,000.00","$214,550.00"
"Brandon","Servania","DC United","Central Midfield","$275,000.00","$303,722.00"
"Japhet","Sery Larsen","Philadelphia Union","Center-back","$600,000.00","$675,300.00"
"Jacob","Shaffelburg","LAFC","Left Wing","$475,000.00","$520,000.00"
"Alexander","Shaw","Inter Miami","Central Midfield","$88,025.00","$88,025.00"
"Jason","Shokalook","Chicago Fire","Center Forward","$88,025.00","$88,025.00"
"Jonathan","Shore","New York City FC","Central Midfield","$113,400.00","$125,900.00"
"Mateo","Silvetti","Inter Miami","Left Wing","$550,000.00","$607,078.00"
"Nicholas","Simmonds","FC Dallas","Center Forward","$88,025.00","$102,704.00"
"Adem","Sipic","Nashville SC","Center Forward","$113,400.00","$142,226.00"
"Jonathan","Sirois","FC Dallas","Goalkeeper","$250,000.00","$267,625.00"
"Pablo","Sisniega","San Diego FC","Goalkeeper","$215,000.04","$241,467.00"
"Jack","Skahan","San Jose Earthquakes","Central Midfield","$225,000.00","$225,000.00"
"Tyger","Smalls","Charlotte FC","Right Wing","$113,400.00","$113,400.00"
"Alec","Smir","Minnesota United","Goalkeeper","$113,400.00","$113,400.00"
"Ian","Smith","Portland Timbers","Left-back","$88,025.00","$88,025.00"
"Kyle","Smith","FC Cincinnati","Right-back","$113,400.00","$118,400.00"
"Artem","Smolyakov","LAFC","Left-back","$550,000.00","$613,297.00"
"Mohammed","Sofo","New York Red Bulls","Left Wing","$150,000.00","$208,000.00"
"Sergi","Solans","Real Salt Lake","Center Forward","$88,025.00","$88,025.00"
"Pedro","Soma","San Diego FC","Defensive Midfield","$275,000.00","$325,453.00"
"Heung-min","Son","LAFC","Left Wing","$10,368,750.00","$11,152,852.00"
"Tiago","Souza de Jesus Carvalho","Orlando City SC","Left Wing","$500,000.00","$600,250.00"
"Wessel","Speel","Minnesota United","Goalkeeper","$113,400.00","$113,400.00"
"Tyrese","Spicer","Orlando City SC","Left Wing","$275,000.00","$311,875.00"
"Stijn","Spierings","Real Salt Lake","Central Midfield","$750,000.00","$783,333.00"
"Kaedren","Spivey","San Jose Earthquakes","Central Midfield","$113,400.00","$116,400.00"
"Dayne","St. Clair","Inter Miami","Goalkeeper","$745,313.00","$808,730.00"
"Mason","Stajduhar","Real Salt Lake","Goalkeeper","$200,000.00","$215,650.00"
"Slade","Starnes","FC Dallas","Center-back","$88,025.00","$93,472.00"
"Lazar","Stefanović","Toronto FC","Center-back","$113,400.00","$125,306.00"
"Zack","Steffen","Colorado Rapids","Goalkeeper","$1,100,000.00","$1,100,000.00"
"Kimani","Stewart-Baynes","Colorado Rapids","Left Wing","$115,000.00","$116,000.00"
"Aidan","Stokes","New York Red Bulls","Goalkeeper","$113,400.00","$130,168.00"
"Noah","Streit","CF Montreal","Right Wing","$400,000.00","$451,333.00"
"Peter","Stroud","Minnesota United","Central Midfield","$185,000.00","$223,083.00"
"Jared","Stroud","DC United","Left Wing","$425,000.00","$467,500.00"
"Brad","Stuver","Austin FC","Goalkeeper","$600,000.00","$631,667.00"
"Luis","Suárez","Inter Miami","Center Forward","$803,125.00","$803,125.00"
"Santiago","Suárez","New England Revolution","Center-back","$120,000.00","$133,222.00"
"Shapi","Suleymanov","Sporting Kansas City","Right Wing","$950,000.00","$1,065,028.00"
"Cavan","Sullivan","Philadelphia Union","Attacking Midfield","$450,000.00","$614,000.00"
"Quinn","Sullivan","Philadelphia Union","Central Midfield","$500,000.00","$568,000.00"
"Hunter","Sulte","Portland Timbers","Goalkeeper","$135,000.00","$149,750.00"
"Finn","Sundstrom","Philadelphia Union","Center-back","$88,025.00","$102,285.00"
"Finn","Surman","Portland Timbers","Center-back","$275,000.00","$303,233.00"
"Sam","Surridge","Nashville SC","Center Forward","$5,280,000.00","$5,933,000.00"
"Oleksandr","Svatok","Austin FC","Center-back","$575,000.00","$580,000.00"
"Erik","Sviatchenko","Houston Dynamo","Center-back","$850,000.00","$925,000.00"
"Caleb","Swann","FC Dallas","Central Midfield","$88,025.00","$88,025.00"
"Gennadiy","Synchuk","CF Montreal","Right Wing","$600,000.00","$606,000.00"
"Tobias","Szewczyk","New York Red Bulls","Goalkeeper","$88,025.00","$110,640.00"
"Nkosi","Tafari","LAFC","Center-back","$481,500.00","$481,500.00"
"Edvard","Tagseth","Nashville SC","Central Midfield","$720,000.00","$736,667.00"
"Zakaria","Taifi","Orlando City SC","Right-back","$88,025.00","$99,923.00"
"Yohei","Takaoka","Vancouver Whitecaps","Goalkeeper","$772,727.00","$841,818.00"
"Strahinja","Tanasijević","New York City FC","Center-back","$300,000.00","$368,750.00"
"Robert","Taylor","Austin FC","Left Wing","$575,000.00","$633,333.00"
"D.J.","Taylor","Minnesota United","Right-back","$210,000.00","$240,117.00"
"Jude","Terry","LAFC","Central Midfield","$113,400.00","$149,798.00"
"Cedric","Teuchert","St. Louis City SC","Center Forward","$1,400,000.00","$1,542,500.00"
"Dagur Dan","Thórhallsson","CF Montreal","Right-back","$480,000.00","$530,625.00"
"Jamal","Thiaré","Columbus Crew","Center Forward","$500,000.00","$530,000.00"
"Riley","Thomas","Austin FC","Right-back","$88,025.00","$88,025.00"
"Mikah","Thomas","Charlotte FC","Left-back","$88,025.00","$88,428.00"
"Andrew","Thomas","Seattle Sounders FC","Goalkeeper","$252,500.00","$252,500.00"
"Erik","Thommy","LA Galaxy","Attacking Midfield","$600,000.00","$706,667.00"
"Kosi","Thompson","Colorado Rapids","Right-back","$140,000.00","$145,260.00"
"Brooks","Thompson","FC Dallas","Goalkeeper","$113,400.00","$113,400.00"
"Timothy","Tillman","LAFC","Central Midfield","$825,000.00","$881,400.00"
"Harry","Toffolo","Charlotte FC","Left-back","$900,000.00","$1,020,000.00"
"Cayman","Togashi","Atlanta United","Center Forward","$113,400.00","$113,400.00"
"Idan","Toklomati","Charlotte FC","Center Forward","$700,000.00","$781,500.00"
"Nouhou","Tolo","Seattle Sounders FC","Left-back","$800,000.00","$835,000.00"
"Joshua","Torquato","FC Dallas","Left-back","$88,025.00","$96,025.00"
"Adyn","Torres","Atlanta United","Defensive Midfield","$120,000.00","$120,000.00"
"Ervin","Torres","Austin FC","Central Midfield","$88,025.00","$104,525.00"
"Facundo","Torres","Austin FC","Right Wing","$3,360,000.00","$4,405,000.00"
"Tomas","Totland","St. Louis City SC","Right-back","$350,000.00","$391,763.00"
"Wil","Trapp","Minnesota United","Defensive Midfield","$550,000.00","$602,500.00"
"Jackson","Travis","Colorado Rapids","Left-back","$125,000.00","$127,500.00"
"Kai","Trewin","New York City FC","Defensive Midfield","$275,000.00","$311,542.00"
"Nectarios","Triantis","Minnesota United","Central Midfield","$670,000.00","$732,665.00"
"Niko","Tsakiris","San Jose Earthquakes","Central Midfield","$685,714.00","$755,214.00"
"Cielo","Tschantret","Sporting Kansas City","Defensive Midfield","$88,025.00","$88,025.00"
"Yutaro","Tsukada","Orlando City SC","Left Wing","$113,400.00","$113,400.00"
"Yu","Tsukanome","Seattle Sounders FC","Center Forward","$113,400.00","$113,400.00"
"Garrison","Tubbs","DC United","Center-back","$113,400.00","$113,400.00"
"Robert","Turdean","Chicago Fire","Attacking Midfield","$125,000.00","$157,927.00"
"Dor","Turgeman","New England Revolution","Center Forward","$800,000.00","$800,000.00"
"Gavin","Turner","DC United","Attacking Midfield","$88,025.00","$110,259.00"
"Matt","Turner","New England Revolution","Goalkeeper","$1,776,136.32","$1,942,886.32"
"Jeppe","Tverskov","San Diego FC","Defensive Midfield","$1,000,000.00","$1,096,667.00"
"Osaze","Urhoghide","FC Dallas","Center-back","$580,000.00","$643,982.00"
"Myrto","Uzuni","Austin FC","Left Wing","$1,600,000.00","$2,305,000.00"
"Onni","Valakari","San Diego FC","Attacking Midfield","$705,000.00","$781,800.00"
"Xavier","Valdez","Nashville SC","Goalkeeper","$88,025.00","$98,025.00"
"Omar","Valencia","New York Red Bulls","Left-back","$130,000.00","$142,375.00"
"Gerardo","Valenzuela","FC Cincinnati","Attacking Midfield","$125,000.00","$142,542.00"
"Joaquín","Valiente","FC Dallas","Attacking Midfield","$400,000.00","$442,022.00"
"Kerwin","Vargas","Charlotte FC","Right Wing","$650,000.00","$733,750.00"
"Indiana","Vassilev","Philadelphia Union","Right Wing","$600,000.00","$665,000.00"
"David","Vazquez","San Diego FC","Right Midfield","$140,000.00","$155,880.00"
"Brandon","Vazquez","Austin FC","Center Forward","$3,350,000.00","$3,701,778.00"
"Kristoffer","Velde","Portland Timbers","Left Wing","$2,280,000.00","$3,027,000.00"
"Brayan","Vera","CF Montreal","Center-back","$650,000.00","$748,000.00"
"Oscar","Verhoeven","San Diego FC","Right-back","$175,000.00","$188,395.00"
"Ranko","Veselinović","Vancouver Whitecaps","Center-back","$715,000.00","$782,125.00"
"Ronaldo","Vieira","San Jose Earthquakes","Central Midfield","$800,000.00","$853,854.00"
"Guilherme Augusto","Vieira dos Santos","Houston Dynamo","Left Wing","$1,528,572.00","$1,925,230.00"
"Gio","Villa","Real Salt Lake","Right-back","$88,025.00","$91,358.00"
"Jules-Anthony","Vilsaint","Toronto FC","Center Forward","$150,000.00","$156,875.00"
"Sam","Vines","Houston Dynamo","Left-back","$900,000.00","$912,500.00"
"Gino","Vivi","LA Galaxy","Left Wing","$113,400.00","$113,400.00"
"Robert","Voloder","New York Red Bulls","Center-back","$575,000.00","$685,250.00"
"Isaac","Walker","Charlotte FC","Goalkeeper","$113,400.00","$121,376.00"
"Conrad","Wallem","St. Louis City SC","Right Midfield","$600,000.00","$657,188.00"
"Paul","Walters","FC Cincinnati","Goalkeeper","$113,400.00","$121,367.00"
"Joel","Waterman","Chicago Fire","Center-back","$517,000.00","$598,150.00"
"Sydney","Wathuta","Colorado Rapids","Central Midfield","$88,025.00","$88,025.00"
"Timo","Werner","San Jose Earthquakes","Center Forward","$3,738,872.00","$4,268,039.00"
"Frankie","Westfield","Philadelphia Union","Right-back","$113,400.00","$125,285.00"
"Ashley","Westwood","Charlotte FC","Defensive Midfield","$800,000.00","$833,333.00"
"Brian","White","Vancouver Whitecaps","Center Forward","$1,065,000.00","$1,065,000.00"
"Adrian","Wibowo","LAFC","Right Wing","$113,400.00","$113,400.00"
"Sam","Williams","Chicago Fire","Defensive Midfield","$88,025.00","$99,354.00"
"Thomas","Williams","Nashville SC","Center-back","$150,000.00","$163,875.00"
"Joe","Willis","Nashville SC","Goalkeeper","$200,000.00","$216,000.00"
"Henry","Wingo","Toronto FC","Right-back","$725,000.00","$796,031.00"
"Maxwell","Woledzi","Nashville SC","Center-back","$650,000.00","$667,500.00"
"Hannes","Wolf","New York City FC","Right Wing","$1,400,000.00","$1,510,000.00"
"Owen","Wolff","Austin FC","Central Midfield","$750,000.00","$750,000.00"
"Tyler","Wolff","Real Salt Lake","Right Wing","$160,000.00","$160,000.00"
"Elijah","Wynder","LA Galaxy","Central Midfield","$325,000.00","$352,208.00"
"Zidane","Yáñez","New York City FC","Center Forward","$113,400.00","$117,567.00"
"Miki","Yamane","LA Galaxy","Right-back","$850,000.00","$916,667.00"
"Darren","Yapi","Colorado Rapids","Center Forward","$795,000.00","$820,000.00"
"William","Yarbrough","Toronto FC","Goalkeeper","$135,000.00","$150,000.00"
"Joshua","Yaro","St. Louis City SC","Center-back","$206,000.00","$227,725.00"
"Patrick","Yazbek","Nashville SC","Central Midfield","$500,000.00","$616,013.00"
"Kelvin","Yeboah","Minnesota United","Center Forward","$1,360,000.00","$1,562,700.00"
"DeAndre","Yedlin","Real Salt Lake","Right-back","$650,000.00","$726,667.00"
"Maya","Yoshida","LA Galaxy","Center-back","$640,000.00","$715,781.00"
"Griffin","Yow","New England Revolution","Right Wing","$675,000.00","$810,875.00"
"Jackson","Yueill","New England Revolution","Central Midfield","$1,141,087.00","$1,141,087.00"
"Alhassan","Yusuf","New England Revolution","Central Midfield","$900,000.00","$995,311.00"
"Wilfried","Zaha","Charlotte FC","Left Wing","$2,666,667.00","$2,751,667.00"
"Bryan","Zamblé","San Diego FC","Left Wing","$88,025.00","$88,025.00"
"Marcos","Zambrano","New England Revolution","Center Forward","$113,400.00","$135,659.00"
"Sean","Zawadzki","Columbus Crew","Central Midfield","$800,000.00","$900,500.00"
"Adrián","Zendejas","Vancouver Whitecaps","Goalkeeper","$113,400.00","$113,400.00"
"Zach","Zengue","Columbus Crew","Midfielder","$88,025.00","$88,025.00"
"Walker","Zimmerman","Toronto FC","Center-back","$1,140,000.00","$1,708,037.00"
"Philip","Zinckernagel","Chicago Fire","Right Wing","$1,455,125.00","$1,635,665.00"